,fixed acidity,volatile acidity,citric acid,residual sugar,chlorides,free sulfur dioxide,total sulfur dioxide,density,pH,sulphates,alcohol,quality
Number of Outliers,106.0,133.0,223.0,16.0,178.0,44.0,14.0,6.0,46.0,96.0,0.0,156.0
Outliers Percentage,2.68,3.36,5.63,0.4,4.49,1.11,0.35,0.15,1.16,2.42,0.0,3.94
75% Quantile,7.3,0.33,0.39,8.9,0.05,45.0,166.0,0.99571,3.29,0.55,11.4,6.0
25% Quantile,6.3,0.21,0.27,1.6,0.035,23.0,106.0,0.9916200000000001,3.09,0.41,9.5,5.0
Inter Quantile Range,1.0,0.12000000000000002,0.12,7.300000000000001,0.015,22.0,60.0,0.004089999999999927,0.20000000000000018,0.14000000000000007,1.9000000000000004,1.0
Maximum Value,8.8,0.51,0.5700000000000001,19.85,0.07250000000000001,78.0,256.0,1.0018449999999999,3.5900000000000003,0.7600000000000001,14.25,7.5
Minimum Value,4.8,0.029999999999999943,0.09000000000000002,-9.350000000000001,0.012500000000000004,-10.0,16.0,0.9854850000000002,2.7899999999999996,0.19999999999999987,6.6499999999999995,3.5
